country	Date	People partly vaccinated	people fully vaccinated
Andorra	2021-01-25	576
Andorra	2021-02-01	1036
Argentina	2021-01-20	243539	4394
Argentina	2021-01-21	249372	16352
Argentina	2021-01-22	254456	25146
Argentina	2021-01-23	258876	29188
Argentina	2021-01-24	260036	31987
Argentina	2021-01-25	260122	32264
Argentina	2021-01-26	266969	38911
Argentina	2021-01-27	272323	45710
Argentina	2021-01-28	276548	51451
Argentina	2021-01-29	278451	65583
Argentina	2021-01-30	281023	85361
Argentina	2021-02-01	281577	94274
Argentina	2021-02-03	284196	112366
Argentina	2021-02-04	297717	146301
Argentina	2021-02-06	307501	163882
Argentina	2021-02-07	319316	181836
Austria	2021-01-10	6784
Austria	2021-01-11	11559
Austria	2021-01-12	13172
Austria	2021-01-13	20064
Austria	2021-01-14	29359
Austria	2021-01-15	39751
Austria	2021-01-16	50402
Austria	2021-01-17	55450
Austria	2021-01-18	60708	304
Austria	2021-01-19	70474	1034
Austria	2021-01-20	86888	2007
Austria	2021-01-21	105038	3214
Austria	2021-01-22	121216	3540
Austria	2021-01-23	132105	4243
Austria	2021-01-24	135249	4289
Austria	2021-01-25	137044	4306
Austria	2021-01-26	146587	4346
Austria	2021-01-27	153859	5126
Austria	2021-01-28	163806	5633
Austria	2021-01-29	174262	7157
Austria	2021-01-30	183628	13551
Austria	2021-01-31	185291	15207
Austria	2021-02-01	186479	15866
Austria	2021-02-02	189926	19062
Austria	2021-02-03	194287	28233
Austria	2021-02-04	198912	39329
Austria	2021-02-05	202160	50669
Austria	2021-02-06	208144	62123
Austria	2021-02-07	210239	66621
Bahrain	2020-12-23	38965
Bahrain	2020-12-24	50071
Bahrain	2020-12-25	50543
Bahrain	2020-12-26	51556
Bahrain	2020-12-27	53614
Bahrain	2020-12-28	55014
Bahrain	2020-12-29	56041
Bahrain	2020-12-30	57317
Bahrain	2020-12-31	58643
Bahrain	2021-01-01	59351
Bahrain	2021-01-02	60097
Bahrain	2021-01-03	60689
Bahrain	2021-01-04	61612
Bahrain	2021-01-05	63893
Bahrain	2021-01-06	68472
Bahrain	2021-01-07	72239
Bahrain	2021-01-08	78291
Bahrain	2021-01-09	84157
Bahrain	2021-01-10	89250
Bahrain	2021-01-11	92598
Bahrain	2021-01-12	97776
Bahrain	2021-01-13	101363
Bahrain	2021-01-14	109566
Bahrain	2021-01-15	122819
Bahrain	2021-01-16	137159
Bahrain	2021-01-17	141563
Bahrain	2021-01-18	142831
Bahrain	2021-01-19	143596
Bahrain	2021-01-20	144130
Bahrain	2021-01-26	165953
Bahrain	2021-01-27	167731
Bahrain	2021-01-28	169440
Bahrain	2021-01-29	169810
Bahrain	2021-01-30	170433
Bahrain	2021-01-31	171568
Bahrain	2021-02-01	172912
Bahrain	2021-02-02	174075
Bahrain	2021-02-03	175094
Bahrain	2021-02-04	177233
Bahrain	2021-02-05	179550
Bahrain	2021-02-06	182543
Bahrain	2021-02-07	191406
Bangladesh	2021-01-27	26
Bangladesh	2021-01-28	567
Belgium	2020-12-28	298
Belgium	2020-12-29	299
Belgium	2020-12-30	778
Belgium	2020-12-31	787
Belgium	2021-01-01	794
Belgium	2021-01-04	795
Belgium	2021-01-05	2354
Belgium	2021-01-06	6218
Belgium	2021-01-07	14340
Belgium	2021-01-08	23484
Belgium	2021-01-09	26671
Belgium	2021-01-10	27067
Belgium	2021-01-11	32518
Belgium	2021-01-12	47987
Belgium	2021-01-13	68578
Belgium	2021-01-14	91122
Belgium	2021-01-15	113580
Belgium	2021-01-16	118563
Belgium	2021-01-17	121705
Belgium	2021-01-18	132010	109
Belgium	2021-01-19	150367	290
Belgium	2021-01-20	170224	712
Belgium	2021-01-21	199623	712
Belgium	2021-01-22	228267	743
Belgium	2021-01-23	236053	750
Belgium	2021-01-24	237898	750
Belgium	2021-01-25	248400	750
Belgium	2021-01-26	258499	2108
Belgium	2021-01-27	271307	5208
Belgium	2021-01-28	285536	12079
Belgium	2021-01-29	296182	19774
Belgium	2021-01-30	297717	22413
Belgium	2021-01-31	298281	22719
Belgium	2021-02-01	301868	25964
Belgium	2021-02-02	310480	37801
Belgium	2021-02-03	318185	54502
Belgium	2021-02-04	323874	72412
Belgium	2021-02-05	327924	87952
Belgium	2021-02-06	328568	91372
Belgium	2021-02-07	328623	93303
Brazil	2021-01-17	112
Brazil	2021-01-18	1109
Brazil	2021-01-19	11470
Brazil	2021-01-20	28543
Brazil	2021-01-21	136519
Brazil	2021-01-22	245877
Brazil	2021-01-23	537774
Brazil	2021-01-24	604722
Brazil	2021-01-25	700608
Brazil	2021-01-26	848883
Brazil	2021-01-27	1129885
Brazil	2021-01-28	1450900
Brazil	2021-01-29	1656851
Brazil	2021-01-30	1923813
Brazil	2021-01-31	2046523
Brazil	2021-02-01	2107624
Brazil	2021-02-02	2292551
Brazil	2021-02-03	2521704
Brazil	2021-02-04	3073057
Brazil	2021-02-05	3074906
Brazil	2021-02-06	3399421	1962
Brazil	2021-02-07	3534004	19677
Bulgaria	2020-12-29	1719
Bulgaria	2020-12-30	4608
Bulgaria	2021-01-01	4739
Bulgaria	2021-01-05	5448
Bulgaria	2021-01-06	7913
Bulgaria	2021-01-07	11117
Bulgaria	2021-01-08	13355
Bulgaria	2021-01-09	13473
Bulgaria	2021-01-11	14161
Bulgaria	2021-01-12	15780
Bulgaria	2021-01-13	17038
Bulgaria	2021-01-14	17686
Bulgaria	2021-01-15	18126
Bulgaria	2021-01-16	18332
Bulgaria	2021-01-17	18453
Bulgaria	2021-01-18	18524	1114
Bulgaria	2021-01-19	19058	3168
Bulgaria	2021-01-20	19834	4293
Bulgaria	2021-01-21	20719	4532
Bulgaria	2021-01-22	21496	4605
Bulgaria	2021-01-23	21509	4610
Bulgaria	2021-01-24	21533	4610
Bulgaria	2021-01-25	22129	4669
Bulgaria	2021-01-26	23667	5455
Bulgaria	2021-01-27	25245	7672
Bulgaria	2021-01-28	26753	10883
Bulgaria	2021-01-29	27856	12949
Bulgaria	2021-01-30	27957	13063
Bulgaria	2021-01-31	28041	13084
Bulgaria	2021-02-01	28978	13656
Bulgaria	2021-02-02	30817	15100
Bulgaria	2021-02-03	33691	16433
Bulgaria	2021-02-04	36929	17096
Bulgaria	2021-02-05	39468	17392
Bulgaria	2021-02-06	39624	17392
Bulgaria	2021-02-07	39646	17392
Canada	2020-12-19	8734
Canada	2020-12-26	33734
Canada	2021-01-02	77521
Cayman Islands	2021-02-04	7811	3197
Chile	2020-12-24	420
Chile	2020-12-25	5191
Chile	2020-12-26	8335
Chile	2020-12-27	8646
Chile	2021-01-04	9051
Chile	2021-01-05	10494
Chile	2021-01-06	10699
Chile	2021-01-13	11743	2869
Chile	2021-01-14	12787	5739
Chile	2021-01-15	13755	8121
Chile	2021-01-16	13766	8171
Chile	2021-01-17	13781	8191
Chile	2021-01-18	24025	8360
Chile	2021-01-19	42564	8360
Chile	2021-01-20	45676	8360
Chile	2021-01-21	54458	8364
Chile	2021-01-22	54683	8364
Chile	2021-01-23	55575	8364
Chile	2021-01-25	55798	8488
Chile	2021-01-26	56551	10018
Chile	2021-01-27	56764	10332
Chile	2021-01-28	56764	10347
Chile	2021-01-29	56768	10347
Chile	2021-01-30	56771	10352
Chile	2021-02-02	67002	10397
Chile	2021-02-03	128287	10397
Chile	2021-02-04	281301	10636
Chile	2021-02-05	556754	13132
Chile	2021-02-06	592475	13169
Chile	2021-02-07	603588	13169
China	2020-12-15	1500000
China	2020-12-31	4500000
China	2021-01-09	9000000
China	2021-01-13	10000000
China	2021-01-20	15000000
China	2021-01-27	22767000
China	2021-01-31	24000000
China	2021-02-03	31200000
Costa Rica	2021-01-15	24804	55
Costa Rica	2021-01-18	29257	132
Costa Rica	2021-01-25	45707	2421
Costa Rica	2021-02-01	45863	11838
Croatia	2020-12-30	7864
Croatia	2021-01-03	12285
Croatia	2021-01-05	13798
Croatia	2021-01-07	20603
Croatia	2021-01-08	24985
Croatia	2021-01-09	30000
Croatia	2021-01-13	34553
Croatia	2021-01-14	38000
Croatia	2021-01-15	41532
Croatia	2021-01-16	45906
Croatia	2021-01-19	54304
Croatia	2021-01-25	58077	11907
Croatia	2021-02-01	58829	25099
Croatia	2021-02-03	59064	28865
Croatia	2021-02-04	59593	35912
Cyprus	2021-01-22	15322	2057
Cyprus	2021-01-29	19617	5551
Cyprus	2021-02-05	22813	10024
Czechia	2020-12-27	1257
Czechia	2020-12-28	3540
Czechia	2020-12-29	6997
Czechia	2020-12-30	10460
Czechia	2020-12-31	11764
Czechia	2021-01-01	12026
Czechia	2021-01-02	13282
Czechia	2021-01-03	14197
Czechia	2021-01-04	17763
Czechia	2021-01-05	22267
Czechia	2021-01-06	28064
Czechia	2021-01-07	35988
Czechia	2021-01-08	45921
Czechia	2021-01-09	47911
Czechia	2021-01-10	49622
Czechia	2021-01-11	59353
Czechia	2021-01-12	72693
Czechia	2021-01-13	86136
Czechia	2021-01-14	101161
Czechia	2021-01-15	114833
Czechia	2021-01-16	118147
Czechia	2021-01-17	120581	622
Czechia	2021-01-18	132562	2394
Czechia	2021-01-19	144547	5077
Czechia	2021-01-20	157464	7644
Czechia	2021-01-21	172342	9349
Czechia	2021-01-22	186640	10344
Czechia	2021-01-23	189457	11180
Czechia	2021-01-24	191659	12034
Czechia	2021-01-25	201111	14938
Czechia	2021-01-26	211372	18866
Czechia	2021-01-27	220155	23322
Czechia	2021-01-28	227148	29356
Czechia	2021-01-29	233148	37059
Czechia	2021-01-30	233862	38126
Czechia	2021-01-31	234557	39246
Czechia	2021-02-01	238208	46878
Czechia	2021-02-02	242144	56704
Czechia	2021-02-03	246370	67420
Czechia	2021-02-04	250705	79996
Czechia	2021-02-05	254830	89696
Czechia	2021-02-06	255643	91429
Czechia	2021-02-07	256440	93256
Denmark	2020-12-27	6647
Denmark	2020-12-28	8653
Denmark	2020-12-29	17785
Denmark	2020-12-30	29446
Denmark	2020-12-31	35789
Denmark	2021-01-01	38176
Denmark	2021-01-02	47246
Denmark	2021-01-03	53388
Denmark	2021-01-04	55844
Denmark	2021-01-05	69602
Denmark	2021-01-06	89759
Denmark	2021-01-07	107580
Denmark	2021-01-08	116192
Denmark	2021-01-09	118100
Denmark	2021-01-10	118916
Denmark	2021-01-11	119575
Denmark	2021-01-12	120036
Denmark	2021-01-13	132771
Denmark	2021-01-14	150717
Denmark	2021-01-15	165936	5
Denmark	2021-01-16	170543	12
Denmark	2021-01-17	173084	738
Denmark	2021-01-18	176959	2900
Denmark	2021-01-19	179451	5027
Denmark	2021-01-20	180972	6942
Denmark	2021-01-21	182501	9325
Denmark	2021-01-22	183160	15049
Denmark	2021-01-23	183944	22221
Denmark	2021-01-24	184563	28875
Denmark	2021-01-25	184808	31348
Denmark	2021-01-26	185024	33119
Denmark	2021-01-27	185237	37528
Denmark	2021-01-28	185481	45691
Denmark	2021-01-29	186602	63800
Denmark	2021-01-30	187841	76911
Denmark	2021-01-31	189093	89240
Denmark	2021-02-01	189839	96960
Denmark	2021-02-02	191890	99930
Denmark	2021-02-03	193447	106136
Denmark	2021-02-04	194879	116948
Denmark	2021-02-05	196469	130039
Denmark	2021-02-06	197377	135458
Denmark	2021-02-07	197710	136172
Ecuador	2021-01-22	108
Ecuador	2021-01-28	2982
Ecuador	2021-02-04	6228
England	2020-12-13	55295
England	2020-12-20	573306
England	2020-12-27	840349
England	2021-01-03	1168717	20495
England	2021-01-10	1959151	374613
England	2021-01-11	2080280	393925
England	2021-01-12	2254556	407294
England	2021-01-13	2494371	415656
England	2021-01-14	2769164	420510
England	2021-01-15	3090058	424327
England	2021-01-16	3365492	426102
England	2021-01-17	3520056	427386
England	2021-01-18	3687206	431136
England	2021-01-19	3985579	434125
England	2021-01-20	4303730	436848
England	2021-01-21	4661293	439182
England	2021-01-22	5085771	440300
England	2021-01-23	5529101	441074
England	2021-01-24	5727693	441684
England	2021-01-25	5962544	443010
England	2021-01-26	6221850	444011
England	2021-01-27	6473752	445101
England	2021-01-28	6816945	446372
England	2021-01-29	7253305	447898
England	2021-01-30	7792996	458150
England	2021-01-31	8082355	460907
England	2021-02-01	8362868	462503
England	2021-02-02	8663041	463889
England	2021-02-03	9041835	466171
England	2021-02-04	9430261	468782
England	2021-02-05	9831897	470723
England	2021-02-06	10290215	471324
Estonia	2021-01-28	25415	6214
Estonia	2021-01-29	26412	7607
Estonia	2021-01-30	27633	9597
Estonia	2021-01-31	27900	10155
Estonia	2021-02-01	28186	10408
Estonia	2021-02-02	28907	11310
Estonia	2021-02-03	30158	12842
Estonia	2021-02-04	31864	14330
Estonia	2021-02-05	33927	15871
Estonia	2021-02-06	35492	17376
Estonia	2021-02-07	35905	17519
Faeroe Islands	2021-01-29	3993	1
Faeroe Islands	2021-02-06	4051	606
Finland	2021-01-25	106098	4553
Finland	2021-01-26	110047	6960
Finland	2021-01-27	117555	9355
Finland	2021-01-28	127783	10540
Finland	2021-01-29	137551	14239
Finland	2021-01-30	144520	17757
Finland	2021-02-01	145557	18203
Finland	2021-02-02	145770	18203
Finland	2021-02-03	149951	23421
Finland	2021-02-04	159624	34293
Finland	2021-02-05	164636	42667
Finland	2021-02-06	169194	48650
Finland	2021-02-07	170335	49781
France	2020-12-27	13
France	2020-12-28	52
France	2020-12-29	138
France	2020-12-30	237
France	2020-12-31	316
France	2021-01-01	325
France	2021-01-02	367
France	2021-01-03	441
France	2021-01-04	1800
France	2021-01-05	6744
France	2021-01-06	17064
France	2021-01-07	43282
France	2021-01-08	76022
France	2021-01-09	86315
France	2021-01-10	91629
France	2021-01-11	125412
France	2021-01-12	179119
France	2021-01-13	235786
France	2021-01-14	306206
France	2021-01-15	364846
France	2021-01-16	382326
France	2021-01-17	391910
France	2021-01-18	468073
France	2021-01-19	585735
France	2021-01-20	708973
France	2021-01-21	850380
France	2021-01-22	959716
France	2021-01-23	995147
France	2021-01-24	1003968
France	2021-01-25	1075045
France	2021-01-26	1165852	5412
France	2021-01-27	1262972	11739
France	2021-01-28	1372680	24201
France	2021-01-29	1453325	41318
France	2021-01-30	1479909	45468
France	2021-01-31	1486493	47137
France	2021-02-01	1541079	67993
France	2021-02-02	1615088	102297
France	2021-02-03	1687026	138956
France	2021-02-04	1772602	189524
France	2021-02-05	1843763	233274
France	2021-02-06	1866091	243550
Germany	2020-12-27	23455
Germany	2020-12-28	42671
Germany	2020-12-29	85664
Germany	2020-12-30	142913
Germany	2020-12-31	180314
Germany	2021-01-01	204489
Germany	2021-01-02	255112
Germany	2021-01-03	279877
Germany	2021-01-04	328412
Germany	2021-01-05	379953
Germany	2021-01-06	437893
Germany	2021-01-07	495628
Germany	2021-01-08	554642
Germany	2021-01-09	610384
Germany	2021-01-10	643051
Germany	2021-01-11	708625
Germany	2021-01-12	790628
Germany	2021-01-13	889308
Germany	2021-01-14	989791	131
Germany	2021-01-15	1082020	10881
Germany	2021-01-16	1138335	18442
Germany	2021-01-17	1169560	32292
Germany	2021-01-18	1227418	55641
Germany	2021-01-19	1294371	92535
Germany	2021-01-20	1372044	147778
Germany	2021-01-21	1431949	183647
Germany	2021-01-22	1515361	211985
Germany	2021-01-23	1563553	244152
Germany	2021-01-24	1601450	268767
Germany	2021-01-25	1658660	306031
Germany	2021-01-26	1711709	351166
Germany	2021-01-27	1765468	395452
Germany	2021-01-28	1816908	440932
Germany	2021-01-29	1873272	483633
Germany	2021-01-30	1911638	520394
Germany	2021-01-31	1942847	549107
Germany	2021-02-01	1990956	622032
Germany	2021-02-02	2046403	698113
Germany	2021-02-03	2100368	772344
Germany	2021-02-04	2160712	845368
Germany	2021-02-05	2213311	909722
Germany	2021-02-06	2256133	958627
Germany	2021-02-07	2287196	981914
Gibraltar	2021-01-10	420
Gibraltar	2021-01-11	1445
Gibraltar	2021-01-12	2501
Gibraltar	2021-01-15	5135
Gibraltar	2021-01-16	5847
Gibraltar	2021-01-17	5847
Gibraltar	2021-01-18	6435
Gibraltar	2021-01-19	7017
Gibraltar	2021-01-20	7017
Gibraltar	2021-01-21	7947
Gibraltar	2021-01-22	8877
Gibraltar	2021-01-23	9807
Gibraltar	2021-01-24	10341
Gibraltar	2021-01-25	10539
Gibraltar	2021-01-26	11073
Gibraltar	2021-01-27	11073
Gibraltar	2021-01-28	12332
Gibraltar	2021-01-29	12866
Gibraltar	2021-01-30	12866
Gibraltar	2021-01-31	12886	400
Gibraltar	2021-02-01	12974	1325
Gibraltar	2021-02-02	13071	2320
Gibraltar	2021-02-03	13166	3011
Gibraltar	2021-02-04	13246	3943
Gibraltar	2021-02-05	13398	4876
Gibraltar	2021-02-06	13499	5573
Greece	2020-12-28	447
Greece	2020-12-29	1077
Greece	2020-12-30	1722
Greece	2020-12-31	2339
Greece	2021-01-01	2603
Greece	2021-01-02	3149
Greece	2021-01-03	3869
Greece	2021-01-04	10327
Greece	2021-01-05	16631
Greece	2021-01-06	20616
Greece	2021-01-07	26445
Greece	2021-01-08	35272
Greece	2021-01-09	40427
Greece	2021-01-10	44645
Greece	2021-01-11	50045
Greece	2021-01-12	56475
Greece	2021-01-13	64932
Greece	2021-01-14	70960
Greece	2021-01-15	75412
Greece	2021-01-16	80389	2
Greece	2021-01-18	85475	423
Greece	2021-01-19	93382	1072
Greece	2021-01-20	108167	1664
Greece	2021-01-21	123667	2261
Greece	2021-01-22	141298	2579
Greece	2021-01-23	156966	3135
Greece	2021-01-25	171890	8061
Greece	2021-01-26	184610	13145
Greece	2021-01-27	198161	17879
Greece	2021-01-28	210488	23797
Greece	2021-01-29	220621	32742
Greece	2021-01-30	232399	38888
Greece	2021-02-01	247251	46566
Greece	2021-02-02	261543	54085
Greece	2021-02-03	276103	62019
Greece	2021-02-04	291259	68464
Greece	2021-02-05	306441	73695
Greece	2021-02-06	318097	79760
Greenland	2021-01-27	2584
Guernsey	2021-01-24	6151	522
Hungary	2021-01-18	129689	1643
Hungary	2021-01-19	130318	2939
Hungary	2021-01-20	134554	4030
Hungary	2021-01-21	138983	5815
Hungary	2021-01-22	143184	6944
Hungary	2021-01-23	145257	8135
Hungary	2021-01-24	146695	9403
Hungary	2021-01-25	149676	12639
Hungary	2021-01-26	152704	17772
Hungary	2021-01-27	161215	26293
Hungary	2021-01-28	175283	37727
Hungary	2021-01-29	198283	49606
Hungary	2021-01-30	222005	56825
Hungary	2021-01-31	237872	61266
Hungary	2021-02-01	243136	68526
Hungary	2021-02-02	247270	75036
Hungary	2021-02-03	249687	84452
Hungary	2021-02-04	264530	92773
Hungary	2021-02-05	279410	101652
Hungary	2021-02-06	286379	105242
Hungary	2021-02-07	289042	107592
Iceland	2020-12-30	4875
Iceland	2021-01-20	5725	480
Iceland	2021-01-25	10433	4787
Iceland	2021-01-27	10702	4820
Iceland	2021-02-03	12098	4853
Iceland	2021-02-05	12660	4855
Indonesia	2021-01-28	368318	5468
Indonesia	2021-01-29	405012	11287
Indonesia	2021-01-30	482145	20810
Indonesia	2021-01-31	493133	22548
Indonesia	2021-02-01	539532	35406
Indonesia	2021-02-02	596260	51999
Indonesia	2021-02-03	646026	71621
Indonesia	2021-02-04	700266	96553
Indonesia	2021-02-05	744884	120725
Indonesia	2021-02-06	777096	137207
Indonesia	2021-02-07	784318	139131
Ireland	2021-01-27	147700	13800
Ireland	2021-01-31	150500	49300
Ireland	2021-02-03	152200	67000
Isle of Man	2021-01-25	3897	312
Isle of Man	2021-01-26	4247	639
Isle of Man	2021-01-27	4550	1037
Isle of Man	2021-01-28	5243	1038
Isle of Man	2021-01-29	5829	1030
Isle of Man	2021-02-02	6883	1419
Isle of Man	2021-02-03	7387	2176
Isle of Man	2021-02-04	8030	2183
Isle of Man	2021-02-05	8041	2183
Isle of Man	2021-02-06	8669	2183
Isle of Man	2021-02-07	9063	2184
Israel	2020-12-19	57
Israel	2020-12-20	7372
Israel	2020-12-21	32132
Israel	2020-12-22	76489
Israel	2020-12-23	138690
Israel	2020-12-24	211350
Israel	2020-12-25	249348
Israel	2020-12-26	281382
Israel	2020-12-27	384749
Israel	2020-12-28	517767
Israel	2020-12-29	671742
Israel	2020-12-30	822223
Israel	2020-12-31	978969
Israel	2021-01-01	1049550
Israel	2021-01-02	1120504
Israel	2021-01-03	1267673
Israel	2021-01-04	1407439	2
Israel	2021-01-05	1530448	2
Israel	2021-01-06	1631230	2
Israel	2021-01-07	1744983	6
Israel	2021-01-08	1810324	11
Israel	2021-01-09	1854258	37
Israel	2021-01-10	1891156	5999
Israel	2021-01-11	1911449	25065
Israel	2021-01-12	1934927	60397
Israel	2021-01-13	1985848	116484
Israel	2021-01-14	2040989	184427
Israel	2021-01-15	2071153	219811
Israel	2021-01-16	2100291	245319
Israel	2021-01-17	2167991	328417
Israel	2021-01-18	2237212	446237
Israel	2021-01-19	2309812	581037
Israel	2021-01-20	2387340	721336
Israel	2021-01-21	2458494	881548
Israel	2021-01-22	2497160	950861
Israel	2021-01-23	2537688	1003162
Israel	2021-01-24	2608556	1139862
Israel	2021-01-25	2696670	1269335
Israel	2021-01-26	2777566	1390333
Israel	2021-01-27	2858221	1510562
Israel	2021-01-28	2940380	1636974
Israel	2021-01-29	2978150	1699889
Israel	2021-01-30	3013090	1741613
Israel	2021-01-31	3087428	1799227
Israel	2021-02-01	3170402	1833109
Israel	2021-02-02	3240556	1863101
Israel	2021-02-03	3299832	1911471
Israel	2021-02-04	3371879	1967195
Israel	2021-02-05	3406047	1995116
Israel	2021-02-06	3427108	2016293
Israel	2021-02-07	3480453	2081554
Italy	2020-12-27	7011
Italy	2020-12-28	7981
Italy	2020-12-29	8902
Italy	2020-12-30	13514
Italy	2020-12-31	38719
Italy	2021-01-01	49745
Italy	2021-01-02	88171
Italy	2021-01-03	123211
Italy	2021-01-04	191417
Italy	2021-01-05	270748
Italy	2021-01-06	335764
Italy	2021-01-07	427359
Italy	2021-01-08	522451
Italy	2021-01-09	609181
Italy	2021-01-10	669398
Italy	2021-01-11	749847
Italy	2021-01-12	830703
Italy	2021-01-13	923462
Italy	2021-01-14	1015319
Italy	2021-01-15	1103007
Italy	2021-01-16	1166663
Italy	2021-01-17	1199778	2797
Italy	2021-01-18	1236990	7197
Italy	2021-01-19	1266996	8979
Italy	2021-01-20	1291801	13459
Italy	2021-01-21	1306724	32867
Italy	2021-01-22	1318452	46744
Italy	2021-01-23	1324045	79381
Italy	2021-01-24	1327034	109929
Italy	2021-01-25	1331510	173542
Italy	2021-01-26	1335628	248646
Italy	2021-01-27	1341483	312656
Italy	2021-01-28	1345795	400702
Italy	2021-01-29	1350188	492266
Italy	2021-01-30	1353980	576939
Italy	2021-01-31	1356430	633359
Italy	2021-02-01	1360741	712263
Italy	2021-02-02	1366728	791499
Italy	2021-02-03	1375462	878859
Italy	2021-02-04	1387677	967161
Italy	2021-02-05	1403526	1046088
Italy	2021-02-06	1416653	1102667
Italy	2021-02-07	1425179	1130345
Jersey	2021-01-24	8334	3051
Jersey	2021-01-31	11707	3131
Latvia	2021-01-18	16224	571
Latvia	2021-01-19	16296	1375
Latvia	2021-01-20	16315	2126
Latvia	2021-01-21	16581	2139
Latvia	2021-01-22	16777	2156
Latvia	2021-01-25	16921	2804
Latvia	2021-01-26	16951	3622
Latvia	2021-01-27	17032	4359
Latvia	2021-01-28	17062	5108
Latvia	2021-01-29	17116	6016
Latvia	2021-01-30	17120	6320
Latvia	2021-02-01	17134	7826
Latvia	2021-02-02	17269	9499
Latvia	2021-02-03	17509	10876
Latvia	2021-02-04	17650	12238
Latvia	2021-02-05	17786	13589
Latvia	2021-02-06	17792	14074
Latvia	2021-02-07	17794	14195
Lithuania	2020-12-27	2418
Lithuania	2020-12-28	5203
Lithuania	2020-12-29	8189
Lithuania	2020-12-30	9722
Lithuania	2020-12-31	9747
Lithuania	2021-01-05	10369
Lithuania	2021-01-06	13866
Lithuania	2021-01-07	18020
Lithuania	2021-01-08	23190
Lithuania	2021-01-09	23494
Lithuania	2021-01-10	23497
Lithuania	2021-01-11	25704
Lithuania	2021-01-12	27789
Lithuania	2021-01-13	33935
Lithuania	2021-01-14	42557
Lithuania	2021-01-15	49812
Lithuania	2021-01-16	50901
Lithuania	2021-01-17	50943	1088
Lithuania	2021-01-18	53767	2759
Lithuania	2021-01-19	56128	6666
Lithuania	2021-01-20	57766	8498
Lithuania	2021-01-21	58630	9133
Lithuania	2021-01-22	58916	9203
Lithuania	2021-01-23	58924	9203
Lithuania	2021-01-25	58961	9203
Lithuania	2021-01-26	61428	9829
Lithuania	2021-01-27	65260	12882
Lithuania	2021-01-28	68636	16548
Lithuania	2021-01-29	71596	21597
Lithuania	2021-01-30	71789	22029
Lithuania	2021-01-31	71797	22029
Lithuania	2021-02-01	72848	23852
Lithuania	2021-02-02	74479	26054
Lithuania	2021-02-03	76095	30964
Lithuania	2021-02-04	77606	38967
Lithuania	2021-02-05	78524	44756
Lithuania	2021-02-06	78619	45405
Lithuania	2021-02-07	78622	45499
Luxembourg	2020-12-30	1200
Luxembourg	2021-01-11	1943
Luxembourg	2021-01-12	2372
Luxembourg	2021-01-13	2871
Luxembourg	2021-01-14	3233
Luxembourg	2021-01-17	3755
Luxembourg	2021-01-18	4569
Luxembourg	2021-01-19	5294
Luxembourg	2021-01-20	6193
Luxembourg	2021-01-21	6897
Luxembourg	2021-01-25	7309	1245
Luxembourg	2021-01-26	8280	1245
Luxembourg	2021-01-27	9107	1342
Luxembourg	2021-01-28	9890	1483
Luxembourg	2021-01-31	10748	1680
Luxembourg	2021-02-01	11336	1905
Luxembourg	2021-02-02	11925	2327
Luxembourg	2021-02-03	12597	2810
Luxembourg	2021-02-04	13256	3163
Malta	2021-01-24	18783	1198
Malta	2021-01-25	19709	1463
Malta	2021-01-26	20677	1694
Malta	2021-01-27	21417	2095
Malta	2021-01-28	22162	2518
Malta	2021-01-29	22853	2969
Malta	2021-01-30	23391	3456
Malta	2021-02-01	23811	3948
Malta	2021-02-02	24526	4476
Malta	2021-02-03	25361	4891
Malta	2021-02-04	26223	5410
Malta	2021-02-05	27020	6457
Malta	2021-02-06	28082	7594
Malta	2021-02-07	28837	8749
Mexico	2020-12-24	2924
Mexico	2020-12-27	6824
Mexico	2020-12-28	9579
Mexico	2020-12-29	18529
Mexico	2020-12-30	24998
Mexico	2021-01-04	43960
Mexico	2021-01-05	48236
Mexico	2021-01-06	53185
Mexico	2021-01-07	58402
Mexico	2021-01-08	67468
Mexico	2021-01-09	74794
Mexico	2021-01-10	81300
Mexico	2021-01-11	87060
Mexico	2021-01-12	92879
Mexico	2021-01-13	192567
Mexico	2021-01-14	329983
Mexico	2021-01-15	415417	1958
Mexico	2021-01-16	461025	2221
Mexico	2021-01-17	468708	3434
Mexico	2021-01-18	485983	6546
Mexico	2021-01-19	488513	9609
Mexico	2021-01-20	489628	11402
Mexico	2021-01-21	534317	18018
Mexico	2021-01-22	594725	20083
Mexico	2021-01-23	596296	22472
Mexico	2021-01-24	604441	25185
Mexico	2021-01-25	616390	28715
Mexico	2021-01-26	621005	31314
Mexico	2021-01-27	624730	31314
Mexico	2021-01-28	626528	31314
Mexico	2021-01-29	630820	31397
Mexico	2021-01-30	631298	39009
Mexico	2021-01-31	631485	41842
Mexico	2021-02-01	614689	43455
Mexico	2021-02-02	614733	45748
Mexico	2021-02-03	615381	54162
Mexico	2021-02-04	634346	60742
Mexico	2021-02-05	636070	64246
Mexico	2021-02-06	637098	73100
Northern Ireland	2020-12-13	3623
Northern Ireland	2020-12-20	16068
Northern Ireland	2020-12-27	31016
Northern Ireland	2021-01-03	40685	1271
Northern Ireland	2021-01-10	78005	13949
Northern Ireland	2021-01-11	84187	15288
Northern Ireland	2021-01-12	91417	17840
Northern Ireland	2021-01-13	102701	19010
Northern Ireland	2021-01-14	114567	19264
Northern Ireland	2021-01-15	117906	19474
Northern Ireland	2021-01-16	120387	20174
Northern Ireland	2021-01-17	125717	21016
Northern Ireland	2021-01-18	132857	21579
Northern Ireland	2021-01-19	138436	21960
Northern Ireland	2021-01-20	144212	22326
Northern Ireland	2021-01-21	151039	22510
Northern Ireland	2021-01-22	154366	22660
Northern Ireland	2021-01-23	155644	22687
Northern Ireland	2021-01-24	159642	22713
Northern Ireland	2021-01-25	163317	22795
Northern Ireland	2021-01-26	168140	22910
Northern Ireland	2021-01-27	175284	23927
Northern Ireland	2021-01-28	196131	24070
Northern Ireland	2021-01-29	204065	24146
Northern Ireland	2021-01-30	214601	24323
Northern Ireland	2021-01-31	221809	24612
Northern Ireland	2021-02-01	233429	24882
Northern Ireland	2021-02-02	246671	25155
Northern Ireland	2021-02-03	263735	25539
Northern Ireland	2021-02-04	275232	26047
Northern Ireland	2021-02-05	289889	26531
Northern Ireland	2021-02-06	295185	26935
Norway	2020-12-27	5
Norway	2020-12-28	606
Norway	2020-12-29	1674
Norway	2020-12-30	2098
Norway	2020-12-31	2170
Norway	2021-01-01	2176
Norway	2021-01-02	2176
Norway	2021-01-03	2176
Norway	2021-01-04	2177
Norway	2021-01-05	5610
Norway	2021-01-06	14612
Norway	2021-01-07	21169
Norway	2021-01-08	22782
Norway	2021-01-09	22914
Norway	2021-01-10	23021
Norway	2021-01-11	23363
Norway	2021-01-12	27653
Norway	2021-01-13	37333
Norway	2021-01-14	45757
Norway	2021-01-15	50230
Norway	2021-01-16	50963
Norway	2021-01-17	51307	5
Norway	2021-01-18	52566	288
Norway	2021-01-19	57112	1055
Norway	2021-01-20	67064	1747
Norway	2021-01-21	75353	1915
Norway	2021-01-22	78602	1922
Norway	2021-01-23	78955	1922
Norway	2021-01-24	79020	1922
Norway	2021-01-25	79595	1922
Norway	2021-01-26	81807	3978
Norway	2021-01-27	92913	11366
Norway	2021-01-28	103546	17775
Norway	2021-01-29	107200	19776
Norway	2021-01-30	107329	19942
Norway	2021-01-31	107409	19992
Norway	2021-02-01	107568	20290
Norway	2021-02-02	113623	23356
Norway	2021-02-03	137184	30817
Norway	2021-02-04	160076	38100
Oman	2020-12-28	1717
Oman	2020-12-29	3363
Oman	2020-12-30	5043
Oman	2020-12-31	6516
Oman	2021-01-02	7231
Oman	2021-01-03	8826
Oman	2021-01-04	10728
Oman	2021-01-05	12751
Oman	2021-01-06	14005
Oman	2021-01-07	14911
Oman	2021-01-08	14980
Oman	2021-01-09	15023
Oman	2021-01-10	15907
Oman	2021-01-11	18287
Oman	2021-01-12	20649
Oman	2021-01-13	22749
Oman	2021-01-14	24204
Oman	2021-01-16	24773
Oman	2021-01-17	24773	673
Oman	2021-01-18	24773	1985
Oman	2021-01-19	24773	3276
Oman	2021-01-20	24773	4775
Oman	2021-01-23	24773	5902
Oman	2021-01-24	24773	7992
Oman	2021-01-25	24773	9833
Oman	2021-01-26	24773	11433
Oman	2021-01-27	24773	12272
Poland	2020-12-28	2000
Poland	2020-12-29	6300
Poland	2020-12-30	36300
Poland	2020-12-31	47600
Poland	2021-01-02	50391
Poland	2021-01-03	50833
Poland	2021-01-04	92220
Poland	2021-01-05	140226
Poland	2021-01-06	160359
Poland	2021-01-07	188956
Poland	2021-01-08	198787
Poland	2021-01-09	200022
Poland	2021-01-10	203053
Poland	2021-01-11	257834
Poland	2021-01-12	309620
Poland	2021-01-13	369212
Poland	2021-01-14	410480
Poland	2021-01-15	436963
Poland	2021-01-16	457303
Poland	2021-01-17	468795	671
Poland	2021-01-18	491696	3468
Poland	2021-01-19	530055	11174
Poland	2021-01-20	566793	24992
Poland	2021-01-21	605313	39686
Poland	2021-01-22	638798	45479
Poland	2021-01-23	654184	46980
Poland	2021-01-24	659753	47721
Poland	2021-01-25	701222	75765
Poland	2021-01-26	782413	123044
Poland	2021-01-27	858474	149779
Poland	2021-01-28	917908	179128
Poland	2021-01-29	945600	195481
Poland	2021-01-30	958453	198478
Poland	2021-01-31	976367	200537
Poland	2021-02-01	998587	233129
Poland	2021-02-02	1053245	289190
Poland	2021-02-03	1117146	344432
Poland	2021-02-04	1171229	395375
Poland	2021-02-05	1193034	424730
Poland	2021-02-06	1200793	440365
Poland	2021-02-07	1206212	450496
Portugal	2020-12-28	4828
Portugal	2020-12-29	16701
Portugal	2020-12-30	26850
Portugal	2021-01-03	32000
Portugal	2021-01-06	42035
Portugal	2021-01-08	70000
Portugal	2021-01-15	106000
Portugal	2021-01-26	225499	38000
Portugal	2021-01-31	268386	68385
Portugal	2021-02-01	269814	68755
Portugal	2021-02-03	275093	75852
Portugal	2021-02-04	279236	84975
Portugal	2021-02-06	284462	94916
Portugal	2021-02-07	290302	103786
Romania	2020-12-28	2066
Romania	2020-12-29	2778
Romania	2020-12-30	5666
Romania	2020-12-31	10289
Romania	2021-01-01	11656
Romania	2021-01-02	13242
Romania	2021-01-03	13596
Romania	2021-01-04	25508
Romania	2021-01-05	41609
Romania	2021-01-06	58554
Romania	2021-01-07	76400
Romania	2021-01-08	92706
Romania	2021-01-09	102301
Romania	2021-01-10	108294
Romania	2021-01-11	125190
Romania	2021-01-12	140447
Romania	2021-01-13	154268
Romania	2021-01-14	167612
Romania	2021-01-15	183669
Romania	2021-01-16	196090
Romania	2021-01-17	204185	875
Romania	2021-01-18	233288	1951
Romania	2021-01-19	267424	2622
Romania	2021-01-20	302570	5814
Romania	2021-01-21	338252	9844
Romania	2021-01-22	374681	11255
Romania	2021-01-23	406006	12879
Romania	2021-01-24	433129	13156
Romania	2021-01-25	459567	25064
Romania	2021-01-26	487711	40667
Romania	2021-01-27	513429	57275
Romania	2021-01-28	534346	75050
Romania	2021-01-29	554924	92076
Romania	2021-01-30	571091	101305
Romania	2021-01-31	585218	106197
Romania	2021-02-01	598135	123049
Romania	2021-02-02	610383	138349
Romania	2021-02-03	620176	152026
Romania	2021-02-04	629279	165516
Romania	2021-02-05	638886	182666
Romania	2021-02-06	647690	193122
Romania	2021-02-07	656177	200145
Scotland	2020-12-13	18996
Scotland	2020-12-20	60096
Scotland	2020-12-27	94458
Scotland	2021-01-03	115773	42
Scotland	2021-01-10	163377	2758
Scotland	2021-01-11	175942	2857
Scotland	2021-01-12	191965	2990
Scotland	2021-01-13	208207	3190
Scotland	2021-01-14	224840	3331
Scotland	2021-01-17	264991	3698
Scotland	2021-01-18	284582	3886
Scotland	2021-01-19	309909	4170
Scotland	2021-01-20	334871	4466
Scotland	2021-01-21	358454	4689
Scotland	2021-01-22	380667	5188
Scotland	2021-01-23	404038	5383
Scotland	2021-01-24	415402	5538
Scotland	2021-01-25	437900	6060
Scotland	2021-01-26	462092	6596
Scotland	2021-01-27	491658	6783
Scotland	2021-01-28	515855	7095
Scotland	2021-01-29	543370	7638
Scotland	2021-01-30	566269	7794
Scotland	2021-01-31	575897	7849
Scotland	2021-02-01	610778	8345
Scotland	2021-02-02	649262	8758
Scotland	2021-02-03	694347	9031
Scotland	2021-02-04	742512	9529
Scotland	2021-02-05	786427	10332
Scotland	2021-02-06	839266	10582
Seychelles	2021-01-13	2000
Seychelles	2021-01-15	4000
Seychelles	2021-01-16	7000
Seychelles	2021-01-19	10976
Seychelles	2021-01-20	13163
Seychelles	2021-01-22	16890
Seychelles	2021-01-23	18353
Seychelles	2021-01-25	19889
Seychelles	2021-01-26	22712
Seychelles	2021-01-27	25587
Seychelles	2021-01-28	28779
Seychelles	2021-01-29	30861
Seychelles	2021-02-01	35079
Seychelles	2021-02-02	36284
Seychelles	2021-02-03	37087	5
Seychelles	2021-02-06	37589	1586
Singapore	2021-01-11	3400
Singapore	2021-01-12	6200
Singapore	2021-01-22	60000
Singapore	2021-01-27	113000	50
Singapore	2021-01-31	155000	50
Singapore	2021-02-02	175000	6000
Slovakia	2021-01-05	425
Slovakia	2021-01-06	6618
Slovakia	2021-01-07	13631
Slovakia	2021-01-08	20548
Slovakia	2021-01-09	22281
Slovakia	2021-01-10	25326
Slovakia	2021-01-11	29221
Slovakia	2021-01-12	39735
Slovakia	2021-01-13	46243
Slovakia	2021-01-14	53830
Slovakia	2021-01-15	61372
Slovakia	2021-01-16	62580
Slovakia	2021-01-17	62634
Slovakia	2021-01-18	71035	582
Slovakia	2021-01-19	77624	1039
Slovakia	2021-01-20	84057	1900
Slovakia	2021-01-21	90284	2544
Slovakia	2021-01-22	96421	2669
Slovakia	2021-01-23	96697	2669
Slovakia	2021-01-24	96697	2669
Slovakia	2021-01-25	102683	4823
Slovakia	2021-01-26	109042	5205
Slovakia	2021-01-27	115425	5473
Slovakia	2021-01-28	123115	6919
Slovakia	2021-01-29	132581	9252
Slovakia	2021-01-30	133562	9255
Slovakia	2021-01-31	133675	9423
Slovakia	2021-02-01	142478	12332
Slovakia	2021-02-02	151464	15777
Slovakia	2021-02-03	160839	18107
Slovakia	2021-02-04	169709	23502
Slovakia	2021-02-05	177751	29953
Slovakia	2021-02-06	179815	30595
Slovakia	2021-02-07	179995	30595
Slovenia	2020-12-27	5821
Slovenia	2020-12-28	7367
Slovenia	2020-12-29	8467
Slovenia	2020-12-30	8895
Slovenia	2020-12-31	10545
Slovenia	2021-01-01	10636
Slovenia	2021-01-02	11039
Slovenia	2021-01-03	11594
Slovenia	2021-01-04	12684
Slovenia	2021-01-05	15102
Slovenia	2021-01-06	20204
Slovenia	2021-01-07	25442
Slovenia	2021-01-08	28633
Slovenia	2021-01-09	28881
Slovenia	2021-01-10	28882
Slovenia	2021-01-11	29366
Slovenia	2021-01-12	31131
Slovenia	2021-01-13	35751
Slovenia	2021-01-14	42369
Slovenia	2021-01-15	47122
Slovenia	2021-01-16	47446
Slovenia	2021-01-17	47450
Slovenia	2021-01-18	47512	165
Slovenia	2021-01-19	48061	1644
Slovenia	2021-01-20	49221	5024
Slovenia	2021-01-21	50571	8083
Slovenia	2021-01-22	51810	9000
Slovenia	2021-01-23	52048	9472
Slovenia	2021-01-24	52064	9605
Slovenia	2021-01-25	52069	9610
Slovenia	2021-01-26	52157	11299
Slovenia	2021-01-27	52437	15802
Slovenia	2021-01-28	52928	21236
Slovenia	2021-01-29	53458	25181
Slovenia	2021-01-30	53463	25280
Slovenia	2021-01-31	53463	25282
Slovenia	2021-02-01	53476	25315
Slovenia	2021-02-02	53491	26404
Slovenia	2021-02-03	53632	30752
Slovenia	2021-02-04	54243	37153
Slovenia	2021-02-05	54560	42043
Slovenia	2021-02-06	54589	42609
Slovenia	2021-02-07	54589	42609
Spain	2021-01-04	82834
Spain	2021-01-05	139339
Spain	2021-01-07	207323
Spain	2021-01-08	277976
Spain	2021-01-11	406091
Spain	2021-01-12	488122
Spain	2021-01-13	581638
Spain	2021-01-14	676186
Spain	2021-01-15	768950
Spain	2021-01-18	895627	2315
Spain	2021-01-19	956756	9341
Spain	2021-01-20	1010295	15642
Spain	2021-01-21	1054245	49056
Spain	2021-01-22	1097369	68456
Spain	2021-01-24	1148895	88698
Spain	2021-01-25	1167519	123697
Spain	2021-01-26	1183395	173066
Spain	2021-01-27	1202859	192759
Spain	2021-01-28	1222323	251866
Spain	2021-01-31	1251369	357892
Spain	2021-02-01	1254535	418519
Spain	2021-02-02	1265800	498978
Spain	2021-02-03	1279220	586122
Spain	2021-02-04	1305251	682909
Sweden	2020-12-27	1730
Sweden	2021-01-03	13705
Sweden	2021-01-10	45536	11
Sweden	2021-01-17	115476	131
Sweden	2021-01-24	209381	9021
Sweden	2021-01-28	216269	14248
Sweden	2021-01-29	230068	18923
Sweden	2021-02-02	256978	28279
Sweden	2021-02-03	264148	34131
Sweden	2021-02-04	276008	44370
Sweden	2021-02-05	286853	57019
United Arab Emirates	2021-01-10	836568	250000
United Arab Emirates	2021-01-11	917251	250000
United Arab Emirates	2021-01-12	1025652	250000
United Arab Emirates	2021-01-13	1144580	250000
United Arab Emirates	2021-01-14	1277833	250000
United Arab Emirates	2021-01-15	1415987	250000
United Arab Emirates	2021-01-16	1547926	250000
United Arab Emirates	2021-01-17	1632778	250000
United Arab Emirates	2021-01-18	1721521	250000
United Arab Emirates	2021-01-19	1815367	250000
United Arab Emirates	2021-01-20	1911150	250000
United Arab Emirates	2021-01-21	1996069	250000
United Arab Emirates	2021-01-22	2089078	250000
United Arab Emirates	2021-01-23	2176798	250000
United Arab Emirates	2021-01-24	2237789	250000
United Arab Emirates	2021-01-25	2321091	250000
United Arab Emirates	2021-01-26	2427680	250000
United Arab Emirates	2021-01-27	2514450	250000
United Arab Emirates	2021-01-28	2618650	250000
United Arab Emirates	2021-01-29	2756606	250000
United Arab Emirates	2021-01-30	2864167	250000
United Arab Emirates	2021-01-31	3084162	250000
United Arab Emirates	2021-02-01	3190777	250000
United Arab Emirates	2021-02-03	3314517	250000
United Arab Emirates	2021-02-04	3599374	250000
United Arab Emirates	2021-02-06	3951347	250000
United Arab Emirates	2021-02-07	4063868	250000
United Kingdom	2020-12-13	86095
United Kingdom	2020-12-20	673216
United Kingdom	2020-12-27	1001985
United Kingdom	2021-01-03	1375417	21834
United Kingdom	2021-01-10	2286572	391399
United Kingdom	2021-01-11	2431648	412167
United Kingdom	2021-01-12	2639309	428232
United Kingdom	2021-01-13	2918252	437977
United Kingdom	2021-01-14	3234946	443234
United Kingdom	2021-01-15	3559179	447261
United Kingdom	2021-01-16	3837094	449736
United Kingdom	2021-01-17	4062501	452301
United Kingdom	2021-01-18	4266577	456866
United Kingdom	2021-01-19	4609740	460625
United Kingdom	2021-01-20	4973248	464036
United Kingdom	2021-01-21	5383103	466796
United Kingdom	2021-01-22	5861351	468617
United Kingdom	2021-01-23	6353321	469660
United Kingdom	2021-01-24	6573570	470478
United Kingdom	2021-01-25	6853327	472446
United Kingdom	2021-01-26	7164387	474156
United Kingdom	2021-01-27	7476765	476485
United Kingdom	2021-01-28	7891184	478254
United Kingdom	2021-01-29	8378940	480432
United Kingdom	2021-01-30	8977329	491053
United Kingdom	2021-01-31	9296367	494209
United Kingdom	2021-02-01	9646715	496796
United Kingdom	2021-02-02	10021471	498962
United Kingdom	2021-02-03	10490487	501957
United Kingdom	2021-02-04	10971047	505993
United Kingdom	2021-02-05	11465210	510057
United Kingdom	2021-02-06	12014288	511447
United States	2020-12-20	556208
United States	2020-12-21	614117
United States	2020-12-23	1008025
United States	2020-12-26	1944585
United States	2020-12-28	2127143
United States	2020-12-30	2794588
United States	2021-01-02	4225756
United States	2021-01-04	4563260
United States	2021-01-05	4836469
United States	2021-01-06	5306797
United States	2021-01-07	5919418
United States	2021-01-08	6688231
United States	2021-01-11	8987322
United States	2021-01-12	9327138
United States	2021-01-14	9690757	1342086
United States	2021-01-15	10595866	1610524
United States	2021-01-19	13595803	2023124
United States	2021-01-20	14270441	2161419
United States	2021-01-21	15053257	2394961
United States	2021-01-22	16243093	2756953
United States	2021-01-23	17390345	3027865
United States	2021-01-24	18502131	3216836
United States	2021-01-25	19252279	3346390
United States	2021-01-26	19902237	3481921
United States	2021-01-27	20687970	3801053
United States	2021-01-28	21698606	4263056
United States	2021-01-29	22858318	4780888
United States	2021-01-30	24064165	5259693
United States	2021-01-31	25201143	5657142
United States	2021-02-01	26023153	5927847
United States	2021-02-02	26440836	6064792
United States	2021-02-03	27154956	6436931
United States	2021-02-04	27905197	6926050
United States	2021-02-05	28909497	7503864
United States	2021-02-06	30250964	8317180
United States	2021-02-07	31579100	9147185
Wales	2020-12-13	8181
Wales	2020-12-20	23746
Wales	2020-12-27	36162
Wales	2021-01-03	50242	26
Wales	2021-01-10	86039	79
Wales	2021-01-11	91239	97
Wales	2021-01-12	101371	108
Wales	2021-01-13	112973	121
Wales	2021-01-14	126375	129
Wales	2021-01-17	151737	201
Wales	2021-01-18	161932	265
Wales	2021-01-19	175816	370
Wales	2021-01-20	190435	396
Wales	2021-01-21	212317	415
Wales	2021-01-22	240547	469
Wales	2021-01-23	264538	516
Wales	2021-01-24	270833	543
Wales	2021-01-25	289566	581
Wales	2021-01-26	312305	639
Wales	2021-01-27	336071	674
Wales	2021-01-28	362253	717
Wales	2021-01-29	378200	750
Wales	2021-01-30	403463	786
Wales	2021-01-31	416306	841
Wales	2021-02-01	439640	1066
Wales	2021-02-02	462497	1160
Wales	2021-02-03	490570	1216
Wales	2021-02-04	523042	1635
Wales	2021-02-05	556997	2471
Wales	2021-02-06	589622	2606
